{"version":1,"hash":{"type":"Buffer","data":"bGQ4p1ea6xmHSuzTqmpWFKE7DKjuz6lJPWpxuapxwIt6yt5hU+nT1q7vvFaf3WirQX0XbvEHWHGwrBz6axxQldDd5jzcNh0/e51TWRacqSiePolQgMLcJFY83zRfe6+y0KNJTNV9dQoxVKyrDei0ZFbJ0jHyIENktTODfA+9vFs="},"indexValueMap":{"lYeSInJBYpFycm/BkZSv8e7XkFKVTSYzPoHLS1FJHZA=":{"valueMac":{"type":"Buffer","data":"LaWVUayULLu7Cd69DnPD+rCf/aCUTpZFsPdEHmQ696g="}},"UZIhFlooDHLWs+SI4+hygPdiguSBlIoanUZ/KCAyDPw=":{"valueMac":{"type":"Buffer","data":"gGVSeOiPT+V84o9O8TyYoFUprs3Jrr9MNGOMskJUi9o="}},"OyS7CtivLezsxeHUNx1lfaV+cyBYXh4FEPZjHgEecP4=":{"valueMac":{"type":"Buffer","data":"g1QrpuUn2li8l33kfAmvOz8Tz5LnvW5DZoYQCQ5z+7o="}},"sEUckIjIe1v/ymFTYfzq2GyyKTwz9rrfYe6rttMA9M0=":{"valueMac":{"type":"Buffer","data":"9Au14WiVE4Hd8RcVF1v6mKOiuh+9d5b4acmSmI6VSzA="}},"nxkMzNOFYh9N9a/yurTVHGQ8Sxdk9S/mppVjFBW9ISM=":{"valueMac":{"type":"Buffer","data":"H0K+oFqkrsHfMB/C1fPsOR1fUeB0X5SyY/I8kI5y36E="}},"e1spO6KIdgoSe0f9v0znwnZTdR+nTvn4QCyxl/NXYa0=":{"valueMac":{"type":"Buffer","data":"K8uKi7fP2G6cPi3Ur8XjAKlIUUKI936bYBtp6cJjqeU="}},"BO0TxPUcINgTxgyd9hE6T3030TQUvAFcRtXveKnyXIA=":{"valueMac":{"type":"Buffer","data":"uQ/GZe8hjxnWA3uhW70AsIocWuKmjyqzoNWjFpuGpug="}},"M7mbkM7bp5wOatXeSYrcXGlDbdOWdSQrJ4+dbtXK45o=":{"valueMac":{"type":"Buffer","data":"KTxwyFyuEONxmcrHvgKiqq0SIuT5y0DxPcAlo8K0FzQ="}},"crk2ZXzhIlm1skua33Oq+t8+eJStkKEempAZlUlTWyc=":{"valueMac":{"type":"Buffer","data":"03Ocf+eG5FPjBF8dYzgPunZJeAvm4CubBGBkbzUUpRE="}},"7YMp9uHQTr9Y+fh1BvehguX6nMb3zMU/+gvwLMh9XeQ=":{"valueMac":{"type":"Buffer","data":"bYt6jCqsFqWA1sWnfb99a+SyfxaxPNzoJWH12pobPog="}},"naVtfVyEMskVBKK2Pa0fw/LmarevOApwQ2h6ZxSGWns=":{"valueMac":{"type":"Buffer","data":"7O0ktSIJnTBuDlLOOeydwPTDCqVH5nJiycoXOA1zjfI="}},"626f5yU72PUVOfW327qXCekVnKNDpeHOGMqIwIRXMHQ=":{"valueMac":{"type":"Buffer","data":"w9B2T6/AoLtEyJ+i8qHbCr9xRBVOg6R8IyriedySAQw="}},"0/iT96Od3dCAwbLScfJ5wnrt7VMXZ6MGFgd96+dR/e4=":{"valueMac":{"type":"Buffer","data":"ryD+/Vf+BJMTl7mCl3P8x8JnUdQ+IwAwUxShy7XH/to="}},"TjXJpwFt8AapssshwAKekwSE602VENBqAn5apkAAHJg=":{"valueMac":{"type":"Buffer","data":"N755K1+8ZOYq7YulH3eqnSFR0jLJPAIYFoGSUHq3mO0="}}}}