{"noiseKey":{"private":{"type":"Buffer","data":"ALZqKTasRd8sxszTDlhXJ2dVoWmk5sM3yYp5q82WTHc="},"public":{"type":"Buffer","data":"AnhfnvyX7QbgK1cwxpc6YnrjpGgafqP+F9SZXd0/mxY="}},"pairingEphemeralKeyPair":{"private":{"type":"Buffer","data":"4OkeseJ4NBik4WltwM1bS4/Hgj9W27vPOCcG4yhNqEU="},"public":{"type":"Buffer","data":"jX5eGzRBIjXjU+p+brUaIXGEUhRWLRF9p2NUQFyKfjM="}},"signedIdentityKey":{"private":{"type":"Buffer","data":"uMDrtTCMXuD7RDgVYxlbK3SAiBs8U4rJPtGS7zkXXmM="},"public":{"type":"Buffer","data":"mfIwysalQ9CcPi2HEEnStkG4g1tmDjYaG7qqALbnaXA="}},"signedPreKey":{"keyPair":{"private":{"type":"Buffer","data":"APsBsoo2YyTI9mdDlcjAOFZ5QvlxIk08ES6Y7LlI0XE="},"public":{"type":"Buffer","data":"JI3QZdl/qOeMjOqY01HMTDl/NvnG0jb0kOcdafZ/K3A="}},"signature":{"type":"Buffer","data":"f9a8O+p9izcsUvVB5M6OIDCxNIQbKpjSlEIiCNBNP8pvQNxEchurR/9cexz3WFvnPjxPDCuwX8ithDLN9V6rgA=="},"keyId":1},"registrationId":105,"advSecretKey":"oU+MQPyrJ107jg5RaggrXzn9KEURJ6f+uQRQIBoWIVA=","processedHistoryMessages":[{"key":{"remoteJid":"6285721670655@s.whatsapp.net","fromMe":true,"id":"227AA5F2F2D2BADA89DE25B97A9443BD"},"messageTimestamp":1711501583},{"key":{"remoteJid":"6285721670655@s.whatsapp.net","fromMe":true,"id":"C523BC61908EAF8ACC9651F5468CE866"},"messageTimestamp":1711501584},{"key":{"remoteJid":"6285721670655@s.whatsapp.net","fromMe":true,"id":"37944BFE82625C9ADFEF4E120EC12BEB"},"messageTimestamp":1711501596},{"key":{"remoteJid":"6285721670655@s.whatsapp.net","fromMe":true,"id":"613CDFC600B23A31A8AF1904B7ED66F1"},"messageTimestamp":1711501596}],"nextPreKeyId":31,"firstUnuploadedPreKeyId":31,"accountSyncCounter":1,"accountSettings":{"unarchiveChats":false},"deviceId":"pLjtXmAWTia1Hsf84HD2Sg","phoneId":"a0052fb3-dc6d-4eee-9b13-84d453edd8e9","identityId":{"type":"Buffer","data":"dxEByv2ZNinN6BRDBkGva3bQ8HE="},"registered":true,"backupToken":{"type":"Buffer","data":"BZQgr+1H1zL5+VFxrwdqXx7KtKk="},"registration":{},"pairingCode":"FN441Z9G","me":{"id":"6285721670655:1@s.whatsapp.net","name":"DSN~","lid":"81621977981111:1@lid"},"account":{"details":"CM2OxL0FEInijbAGGAEgACgA","accountSignatureKey":"v+t4vKnAGLuT87/eZNg8ZsbOL0SvFMuFNzJVoc7ryEM=","accountSignature":"43pLb00sEwRFJHgGaI7o5FkfWYdNmL1IZPS56dAy/v2jHiry7LWyGIcWSNe/i6ppLFSh6AYC6OE8SdIbojCIAw==","deviceSignature":"AG3pblggfi2iE2GdZsUUO6qIiMn/jjcQPcjk5ZLYObf8FuJxiQ3ONT8NdGkik+hEJFeHP0FKhKt4jBW2Xj9Ejg=="},"signalIdentities":[{"identifier":{"name":"6285721670655:1@s.whatsapp.net","deviceId":0},"identifierKey":{"type":"Buffer","data":"Bb/reLypwBi7k/O/3mTYPGbGzi9ErxTLhTcyVaHO68hD"}}],"platform":"smba","lastAccountSyncTimestamp":1711502152,"myAppStateKeyId":"AAAAABZ7"}