{"_sessions":{"BdC6VwwE+y7BwOKJfiVbdUDlvyTdq2bGBemoID89QXdB":{"registrationId":406909181,"currentRatchet":{"ephemeralKeyPair":{"pubKey":"BbjF3rNugScosETZcYPQRXnixkFuIe8TiMOWECwuWV8R","privKey":"OCNNvQYunD4sZuHt2BZBALQu299M+4eqTAaWfuwNpms="},"lastRemoteEphemeralKey":"Bec1dydM6Whutcb0fVomXQtL+aIVoEadgC5xvRt+PFFC","previousCounter":0,"rootKey":"9xK74/cZMJ4IITzjhIebtkdiOrbNDeJf06fxUPAYkGc="},"indexInfo":{"baseKey":"BdC6VwwE+y7BwOKJfiVbdUDlvyTdq2bGBemoID89QXdB","baseKeyType":1,"closed":1711501750196,"used":1711501743184,"created":1711501743184,"remoteIdentityKey":"BWQ9WNmsCFThrrhLKlPkHAZc+pxWzTlHfFOohaxxZ9Na"},"_chains":{"BbjF3rNugScosETZcYPQRXnixkFuIe8TiMOWECwuWV8R":{"chainKey":{"counter":0,"key":"al5Vb6tvWzXl/88bDeeRxPyaOHPbxXfquRb6+ljZ7vM="},"chainType":1,"messageKeys":{}}},"pendingPreKey":{"signedKeyId":0,"baseKey":"BdC6VwwE+y7BwOKJfiVbdUDlvyTdq2bGBemoID89QXdB","preKeyId":16196659}},"BbUClrMD/CtaQIqq+B/22HfvIQbp9PXeodIHZKEfLrVl":{"registrationId":406909181,"currentRatchet":{"ephemeralKeyPair":{"pubKey":"Bcr3N1AKH9dl+SpK4+9CQrcrRB9jLYSV2gXm5VMFhhtu","privKey":"yHC7f/lXY213ISgHj2UBBbXqdPdcb9oHNqWF8fwjpFI="},"lastRemoteEphemeralKey":"BVP9S+XZyAZx6aY/3x+NANxF9j5rjdt1BsZQLBvHoNtS","previousCounter":-1,"rootKey":"T03DQNqv01DBx/0ds2zLTTnaLXB4vCcgmV0aBrh+/yM="},"indexInfo":{"baseKey":"BbUClrMD/CtaQIqq+B/22HfvIQbp9PXeodIHZKEfLrVl","baseKeyType":2,"closed":-1,"used":1711502865826,"created":1711501750206,"remoteIdentityKey":"BWQ9WNmsCFThrrhLKlPkHAZc+pxWzTlHfFOohaxxZ9Na"},"_chains":{"Bf0JyxzhHnu889JxCJ5FoHiUtoB8z22+MS89pq3LueUX":{"chainKey":{"counter":0},"chainType":2,"messageKeys":{}},"BVxTOdBSu8Cm8+B0RmgOwGPQbfR1ztk8yPsJ6iqvMhVy":{"chainKey":{"counter":0},"chainType":2,"messageKeys":{}},"BZE9c2vXyZM+V/zVM5ZojEv8gEm8u1QY63aEMr+x8lxb":{"chainKey":{"counter":0},"chainType":2,"messageKeys":{}},"BaCn46qxzMlF/iwmLFsqgkON4QJAo64MpdPcq/pm56oZ":{"chainKey":{"counter":0},"chainType":2,"messageKeys":{}},"BVOcqDbiCcsZzi4FfMIlVvo2hM+bnrf1oYmgjdK/dDI7":{"chainKey":{"counter":0},"chainType":2,"messageKeys":{}},"BdaObkg6P9V255FLYcXKQGQy47G9cBxmoSzdwtqiFG1T":{"chainKey":{"counter":0},"chainType":2,"messageKeys":{}},"BXSHtOef93CxSQX3C4tDCdSY20uTDBA0oaGLcq73Jaoq":{"chainKey":{"counter":0},"chainType":2,"messageKeys":{}},"BaJh+wRSEYsFhq1Kq2XlXE+OYDRD6aEQRSv3SqcjFHxW":{"chainKey":{"counter":0},"chainType":2,"messageKeys":{}},"BeQG4Z8D6V59aQreMgsb0smVK6BQa3xMpqJMYJmwx5V5":{"chainKey":{"counter":0},"chainType":2,"messageKeys":{}},"BUBj49qRYCeNj86cWNTIj3ESUkFlF80n5c/mBfevaup5":{"chainKey":{"counter":0},"chainType":2,"messageKeys":{}},"BXXCq3AgoRf98vki3yd0dml6H/HOZIiqACoQWEDM3UEY":{"chainKey":{"counter":0},"chainType":2,"messageKeys":{}},"BfI9YdUbMwfDjBoWW8c7Tch/nkqs/+ey8nrjoF7Rr5s7":{"chainKey":{"counter":1},"chainType":2,"messageKeys":{}},"BT11hv2iTwKX1QNp1IV82YEtWnU/Og9BSDSf6sM3W9cJ":{"chainKey":{"counter":1},"chainType":2,"messageKeys":{"1":"p0tYjC6CKIBEsLmlw8VIsV8AZSUm5DdK0x/ekCISpIA="}},"BXBc0Up3rjMrpLXebcUgBEwcBA7mgr0k6S/elh5YEc5X":{"chainKey":{"counter":1},"chainType":2,"messageKeys":{"0":"T2O25WK5W2EQqHPxuVAzPSFgtY5Gym4KOaDodxjTCPc="}},"Bfrrg5lpVknIwXvbdTARGYhV1Fku2/C50L5w/zErA+sC":{"chainKey":{"counter":0},"chainType":2,"messageKeys":{}},"Bcn0sac3x1MP2I6/kSoIWmscZvc66iX2EBhu0z3Xi6l/":{"chainKey":{"counter":0},"chainType":2,"messageKeys":{}},"BV2yRBxPHXHljf8cCStQdEzrDhL+z69C7HmRC37qB8db":{"chainKey":{"counter":1},"chainType":2,"messageKeys":{}},"BVP9S+XZyAZx6aY/3x+NANxF9j5rjdt1BsZQLBvHoNtS":{"chainKey":{"counter":0,"key":"EvV4fJMS0mojaU1yA9/blewrVb1ExAloGIMGkp2+y30="},"chainType":2,"messageKeys":{}},"Bcr3N1AKH9dl+SpK4+9CQrcrRB9jLYSV2gXm5VMFhhtu":{"chainKey":{"counter":-1,"key":"zybI86wGhVzVMpXHduuSTkFwEitxLHHsxIj7qcKd1FI="},"chainType":1,"messageKeys":{}}}}},"version":"v1"}