{"_sessions":{"BUxCieZWRh1HuVaaAW4e54buJmV7Rqgh+lOIoYN/z7MG":{"registrationId":357477728,"currentRatchet":{"ephemeralKeyPair":{"pubKey":"BXmEgDCRiK8KTBv/0a0azD/nj5iZVhZ1wyHpaXMLO6VI","privKey":"cPx5vsBI/g6BhEHyAwTbU0xndI18MacmnuLqVq/HhV8="},"lastRemoteEphemeralKey":"BRSAul+an2QmSQRGU3fv5ZWCVqxJ70e88kJHMo0Nq5Az","previousCounter":0,"rootKey":"vAr2Et30BScm9yEkiuXYY9T5WcBdLXtu2zvgo/BoMEk="},"indexInfo":{"baseKey":"BUxCieZWRh1HuVaaAW4e54buJmV7Rqgh+lOIoYN/z7MG","baseKeyType":1,"closed":-1,"used":1711502576546,"created":1711502576546,"remoteIdentityKey":"BbDBxDEhc4bmEEtdTgw4GAaP3lEsFCeDXIRRcGsM9Q92"},"_chains":{"BXmEgDCRiK8KTBv/0a0azD/nj5iZVhZ1wyHpaXMLO6VI":{"chainKey":{"counter":13,"key":"EI5/wVrCzlQR+wLmPt6Pyhekd4GB1Ad+W2g4gvyMCAU="},"chainType":1,"messageKeys":{}}},"pendingPreKey":{"signedKeyId":8,"baseKey":"BUxCieZWRh1HuVaaAW4e54buJmV7Rqgh+lOIoYN/z7MG","preKeyId":14219279}}},"version":"v1"}