{"_sessions":{"Bbz2N8rEtumStM2Tbo178oOi0OILx7GAs6YMNdIfeHob":{"registrationId":628910667,"currentRatchet":{"ephemeralKeyPair":{"pubKey":"BZv+ayepHMSZjHw0E86kcAsqKeKODdvsp8Pg5ukT39F9","privKey":"aOuuPbXxKQLVNAts8kkK8aeElf3vH+Y2Y5tm6bSLzkA="},"lastRemoteEphemeralKey":"Bb6wTSHaLJh+c/qZucs4VGj1r6oANAwjF01uJiZMxKEp","previousCounter":27,"rootKey":"n48immgblCgBjFqjQuEqcd+7kXPD5SBrwapcJ3INFZQ="},"indexInfo":{"baseKey":"Bbz2N8rEtumStM2Tbo178oOi0OILx7GAs6YMNdIfeHob","baseKeyType":2,"closed":-1,"used":1711502732330,"created":1711501585900,"remoteIdentityKey":"Bb/reLypwBi7k/O/3mTYPGbGzi9ErxTLhTcyVaHO68hD"},"_chains":{"Bfo1jS6aOJoa9iGjd9M/WiYTY6LE35dNFA0AgriC1EcI":{"chainKey":{"counter":8},"chainType":2,"messageKeys":{}},"BWlW3suRjARldYJo1KMNVxeVdECkLyRQ1wHpeGmpRq8r":{"chainKey":{"counter":0},"chainType":2,"messageKeys":{}},"Bb6wTSHaLJh+c/qZucs4VGj1r6oANAwjF01uJiZMxKEp":{"chainKey":{"counter":0,"key":"/EMMuA7GZyUiGnGJG/ZFGhD+cACg84GWOOlJ3Eugw5M="},"chainType":2,"messageKeys":{}},"BZv+ayepHMSZjHw0E86kcAsqKeKODdvsp8Pg5ukT39F9":{"chainKey":{"counter":0,"key":"HIe+WknZ4fC4KR8m3W0XtWzOvhhlbYrydhhjZY2d3O0="},"chainType":1,"messageKeys":{}}}}},"version":"v1"}